Name,Serial Number,Material Id,Product Name,Product Category,Installed At,Room,Contract Id,Service SKU,Start Date,End Date,Contract Status
Router-1,CACC8731,CHAS-MX104-S,CHAS-MX104,Routers,HUMBER INSTITUTE OF TECHNOLOGY,E300,60138457,SVC-ND-MX104,"Tuesday, January 28, 2014","Sunday, January 27, 2021",Active
Router-2,CACE0960,CHAS-MX104-S,CHAS-MX104,Routers,HUMBER COLLEGE INSTITUTE OF TECHNOLOGY AND ADVANCED LEARNING,N100,60138457,SVC-SD-MX104,"Tuesday, January 28, 2014","Sunday, January 27, 2021",Active
Switch-1,GR0215280044,EX2200-C-12P-2G,EX2200,Switches,HUMBER COLLEGE,N100,60451843,SV3-ND-EX2200-C-12P,"Monday, March 21, 2016","Wednesday, March 20, 2021",Active
Switch-2,LY0213320773,EX4550-32T-AFO,EX4550,Switches,HUMBER COLLEGE,N100,60166635,SVC-ND-EX455032T,"Thursday, March 27, 2014","Tuesday, March 26, 2021",Active
Switch-3,LY0213300650,EX4550-32T-AFO,EX4550,Switches,HUMBER COLLEGE,N100,60166635,SVC-ND-EX455032T,"Thursday, March 27, 2014","Tuesday, March 26, 2021",Active
Switch-4,GB0212497444,EX3300-48P,EX3300,Switches,HUMBER COLLEGE,N100,60156691,SV5-COR-EX3300-SITE,"Wednesday, April 2, 2014","Monday, April 1, 2021",Active
Switch-5,GB0212497387,EX3300-48P,EX3300,Switches,HUMBER COLLEGE,N100,60156691,SV5-COR-EX3300-SITE,"Wednesday, April 2, 2014","Monday, April 1, 2021",Active
Switch-6,GB0212497536,EX3300-48P,EX3300,Switches,HUMBER COLLEGE,N100,60156691,SV5-COR-EX3300-SITE,"Wednesday, April 2, 2014","Monday, April 1, 2021",Active
Switch-7,GB0212497418,EX3300-48P,EX3300,Switches,HUMBER COLLEGE,N100,60156691,SV5-COR-EX3300-SITE,"Wednesday, April 2, 2014","Monday, April 1, 2021",Active
Switch-8,GB0212497374,EX3300-48P,EX3300,Switches,HUMBER COLLEGE,N100,60156691,SV5-COR-EX3300-SITE,"Wednesday, April 2, 2014","Monday, April 1, 2021",Active
Switch-9,GB0212477199,EX3300-48P,EX3300,Switches,HUMBER COLLEGE,N100,60156691,SV5-COR-EX3300-SITE,"Wednesday, April 2, 2014","Monday, April 1, 2021",Active
Switch-10,GB0212497459,EX3300-48P,EX3300,Switches,HUMBER COLLEGE,N100,60156691,SV5-COR-EX3300-SITE,"Wednesday, April 2, 2014","Monday, April 1, 2021",Active
Switch-11,GB0212477343,EX3300-48P,EX3300,Switches,HUMBER COLLEGE,N100,60156691,SV5-COR-EX3300-SITE,"Wednesday, April 2, 2014","Monday, April 1, 2021",Active
Switch-12,GB0212497477,EX3300-48P,EX3300,Switches,HUMBER COLLEGE,N100,60156691,SV5-COR-EX3300-SITE,"Wednesday, April 2, 2014","Monday, April 1, 2021",Active
Switch-13,GB0212497506,EX3300-48P,EX3300,Switches,HUMBER COLLEGE,E300,60156691,SV5-COR-EX3300-SITE,"Wednesday, April 2, 2014","Monday, April 1, 2021",Active
Switch-14,GB0212497533,EX3300-48P,EX3300,Switches,HUMBER COLLEGE,E300,60156691,SV5-COR-EX3300-SITE,"Wednesday, April 2, 2014","Monday, April 1, 2021",Active
Switch-15,GB0212497521,EX3300-48P,EX3300,Switches,HUMBER COLLEGE,E300,60156691,SV5-COR-EX3300-SITE,"Wednesday, April 2, 2014","Monday, April 1, 2021",Active
Switch-16,GB0212477370,EX3300-48P,EX3300,Switches,HUMBER COLLEGE,E300,60156691,SV5-COR-EX3300-SITE,"Wednesday, April 2, 2014","Monday, April 1, 2021",Active
Switch-17,GB0212497406,EX3300-48P,EX3300,Switches,HUMBER COLLEGE,E300,60156691,SV5-COR-EX3300-SITE,"Wednesday, April 2, 2014","Monday, April 1, 2021",Active
Switch-18,GB0212477351,EX3300-48P,EX3300,Switches,HUMBER COLLEGE,E300,60156691,SV5-COR-EX3300-SITE,"Wednesday, April 2, 2014","Monday, April 1, 2021",Active
Switch-19,GB0212497446,EX3300-48P,EX3300,Switches,HUMBER COLLEGE,E300,60156691,SV5-COR-EX3300-SITE,"Wednesday, April 2, 2014","Monday, April 1, 2021",Active
Switch-20,GB0212497433,EX3300-48P,EX3300,Switches,HUMBER COLLEGE,E300,60156691,SV5-COR-EX3300-SITE,"Wednesday, April 2, 2014","Monday, April 1, 2021",Active
Switch-21,GB0212497435,EX3300-48P,EX3300,Switches,HUMBER COLLEGE,E300,60156691,SV5-COR-EX3300-SITE,"Wednesday, April 2, 2014","Monday, April 1, 2021",Active
Switch-22,GB0212497468,EX3300-48P,EX3300,Switches,HUMBER COLLEGE,E300,60156691,SV5-COR-EX3300-SITE,"Wednesday, April 2, 2014","Monday, April 1, 2021",Active
Switch-23,GB0213325424,EX3300-48P,EX3300,Switches,HUMBER COLLEGE,E300,60156691,SV5-COR-EX3300-SITE,"Wednesday, April 2, 2014","Monday, April 1, 2021",Active
Switch-24,GB0213325723,EX3300-48P,EX3300,Switches,HUMBER COLLEGE,E300,60156691,SV5-COR-EX3300-SITE,"Wednesday, April 2, 2014","Monday, April 1, 2021",Active
Switch-25,GB0213325736,EX3300-48P,EX3300,Switches,HUMBER COLLEGE,E300,60156691,SV5-COR-EX3300-SITE,"Wednesday, April 2, 2014","Monday, April 1, 2021",Active
Switch-26,GB0213325734,EX3300-48P,EX3300,Switches,HUMBER COLLEGE,E300,60156691,SV5-COR-EX3300-SITE,"Wednesday, April 2, 2014","Monday, April 1, 2021",Active
Switch-27,GB0213388754,EX3300-48P,EX3300,Switches,HUMBER COLLEGE,E300,60156691,SV5-COR-EX3300-SITE,"Wednesday, April 2, 2014","Monday, April 1, 2021",Active
Switch-28,GB0213388137,EX3300-48P,EX3300,Switches,HUMBER COLLEGE,E300,60156691,SV5-COR-EX3300-SITE,"Wednesday, April 2, 2014","Monday, April 1, 2021",Active
Switch-29,GB0213388659,EX3300-48P,EX3300,Switches,HUMBER COLLEGE,E300,60156691,SV5-COR-EX3300-SITE,"Wednesday, April 2, 2014","Monday, April 1, 2021",Active
Switch-30,GB0213388828,EX3300-48P,EX3300,Switches,HUMBER COLLEGE,E300,60156691,SV5-COR-EX3300-SITE,"Wednesday, April 2, 2014","Monday, April 1, 2021",Active
Switch-31,GB0213388474,EX3300-48P,EX3300,Switches,HUMBER COLLEGE,E300,60156691,SV5-COR-EX3300-SITE,"Wednesday, April 2, 2014","Monday, April 1, 2021",Active
Switch-32,GB0213388534,EX3300-48P,EX3300,Switches,HUMBER COLLEGE,E300,60156691,SV5-COR-EX3300-SITE,"Wednesday, April 2, 2014","Monday, April 1, 2021",Active
Switch-33,GB0213388471,EX3300-48P,EX3300,Switches,HUMBER COLLEGE,E300,60156691,SV5-COR-EX3300-SITE,"Wednesday, April 2, 2014","Monday, April 1, 2021",Active
Switch-34,GB0213388649,EX3300-48P,EX3300,Switches,HUMBER COLLEGE,D200,60156691,SV5-COR-EX3300-SITE,"Wednesday, April 2, 2014","Monday, April 1, 2021",Active
Switch-35,GB0213388902,EX3300-48P,EX3300,Switches,HUMBER COLLEGE,D200,60156691,SV5-COR-EX3300-SITE,"Wednesday, April 2, 2014","Monday, April 1, 2021",Active
Switch-36,GB0213388800,EX3300-48P,EX3300,Switches,HUMBER COLLEGE,D200,60156691,SV5-COR-EX3300-SITE,"Wednesday, April 2, 2014","Monday, April 1, 2021",Active
Switch-37,GB0213388509,EX3300-48P,EX3300,Switches,HUMBER COLLEGE,D200,60156691,SV5-COR-EX3300-SITE,"Wednesday, April 2, 2014","Monday, April 1, 2021",Active
Switch-38,GB0213347776,EX3300-48P,EX3300,Switches,HUMBER COLLEGE,D200,60156691,SV5-COR-EX3300-SITE,"Wednesday, April 2, 2014","Monday, April 1, 2021",Active
Switch-39,GB0213347392,EX3300-48P,EX3300,Switches,HUMBER COLLEGE,D200,60156691,SV5-COR-EX3300-SITE,"Wednesday, April 2, 2014","Monday, April 1, 2021",Active
Switch-40,GB0213347774,EX3300-48P,EX3300,Switches,HUMBER COLLEGE,D200,60156691,SV5-COR-EX3300-SITE,"Wednesday, April 2, 2014","Monday, April 1, 2021",Active
Switch-41,GB0213388563,EX3300-48P,EX3300,Switches,HUMBER COLLEGE,D200,60156691,SV5-COR-EX3300-SITE,"Wednesday, April 2, 2014","Monday, April 1, 2021",Active
Switch-42,GB0213388546,EX3300-48P,EX3300,Switches,HUMBER COLLEGE,D200,60156691,SV5-COR-EX3300-SITE,"Wednesday, April 2, 2014","Monday, April 1, 2021",Active
Switch-43,GB0213388466,EX3300-48P,EX3300,Switches,HUMBER COLLEGE,D200,60156691,SV5-COR-EX3300-SITE,"Wednesday, April 2, 2014","Monday, April 1, 2021",Active
Switch-44,GB0213388492,EX3300-48P,EX3300,Switches,HUMBER COLLEGE,D200,60156691,SV5-COR-EX3300-SITE,"Wednesday, April 2, 2014","Monday, April 1, 2021",Active
Switch-45,GB0213388695,EX3300-48P,EX3300,Switches,HUMBER COLLEGE,K100,60156691,SV5-COR-EX3300-SITE,"Wednesday, April 2, 2014","Monday, April 1, 2021",Active
Switch-46,GB0213388186,EX3300-48P,EX3300,Switches,HUMBER COLLEGE,K100,60156691,SV5-COR-EX3300-SITE,"Wednesday, April 2, 2014","Monday, April 1, 2021",Active
Switch-47,GB0213326357,EX3300-48P,EX3300,Switches,HUMBER COLLEGE,K100,60156691,SV5-COR-EX3300-SITE,"Wednesday, April 2, 2014","Monday, April 1, 2021",Active
Switch-48,GB0213273691,EX3300-48P,EX3300,Switches,HUMBER COLLEGE,K100,60156691,SV5-COR-EX3300-SITE,"Wednesday, April 2, 2014","Monday, April 1, 2021",Active
Switch-49,GB0213451948,EX3300-48P,EX3300,Switches,HUMBER COLLEGE - TORONTO,K100,60156691,SV5-COR-EX3300-SITE,"Wednesday, April 2, 2014","Monday, April 1, 2021",Active
Switch-50,GB0217250513,EX3300-48P,EX3300,Switches,HUMBER COLLEGE,K100,60156691,SV5-COR-EX3300-SITE,"Wednesday, April 2, 2014","Monday, April 1, 2021",Active
Switch-51,GB0214260207,EX3300-48P,EX3300,Switches,HUMBER COLLEGE,K100,60192256,SV5-COR-EX3300-SITE,"Tuesday, August 19, 2014","Sunday, August 18, 2021",Active
Switch-52,GB0214260286,EX3300-48P,EX3300,Switches,HUMBER COLLEGE,K100,60192256,SV5-COR-EX3300-SITE,"Tuesday, August 19, 2014","Sunday, August 18, 2021",Active
Switch-53,GB0214260326,EX3300-48P,EX3300,Switches,HUMBER COLLEGE,K100,60192256,SV5-COR-EX3300-SITE,"Tuesday, August 19, 2014","Sunday, August 18, 2021",Active
Switch-54,GB0214260008,EX3300-48P,EX3300,Switches,HUMBER COLLEGE,K100,60192256,SV5-COR-EX3300-SITE,"Tuesday, August 19, 2014","Sunday, August 18, 2021",Active
Switch-55,GB0214260146,EX3300-48P,EX3300,Switches,HUMBER COLLEGE,K100,60192256,SV5-COR-EX3300-SITE,"Tuesday, August 19, 2014","Sunday, August 18, 2021",Active
Switch-56,GB0214270064,EX3300-48P,EX3300,Switches,HUMBER COLLEGE,K100,60192256,SV5-COR-EX3300-SITE,"Tuesday, August 19, 2014","Sunday, August 18, 2021",Active
Switch-57,GB0214270046,EX3300-48P,EX3300,Switches,HUMBER COLLEGE,K100,60192256,SV5-COR-EX3300-SITE,"Tuesday, August 19, 2014","Sunday, August 18, 2021",Active
Switch-58,GB0216460751,EX3300-48P,EX3300,Switches,HUMBER COLLEGE,K100,60192256,SV5-COR-EX3300-SITE,"Tuesday, August 19, 2014","Sunday, August 18, 2021",Active
Switch-59,GB0214260155,EX3300-48P,EX3300,Switches,HUMBER COLLEGE,H100,60193366,SV5-COR-EX3300-SITE,"Thursday, August 21, 2014","Tuesday, August 20, 2021",Active
Switch-60,GB0214260161,EX3300-48P,EX3300,Switches,HUMBER COLLEGE,H100,60193366,SV5-COR-EX3300-SITE,"Thursday, August 21, 2014","Tuesday, August 20, 2021",Active
Switch-61,GB0214260173,EX3300-48P,EX3300,Switches,HUMBER COLLEGE,H100,60193366,SV5-COR-EX3300-SITE,"Thursday, August 21, 2014","Tuesday, August 20, 2021",Active
Switch-62,GB0214260184,EX3300-48P,EX3300,Switches,HUMBER COLLEGE,H100,60193366,SV5-COR-EX3300-SITE,"Thursday, August 21, 2014","Tuesday, August 20, 2021",Active
Switch-63,GB0214260245,EX3300-48P,EX3300,Switches,HUMBER COLLEGE,H100,60193366,SV5-COR-EX3300-SITE,"Thursday, August 21, 2014","Tuesday, August 20, 2021",Active
Switch-64,GB0214260246,EX3300-48P,EX3300,Switches,HUMBER COLLEGE,H100,60193366,SV5-COR-EX3300-SITE,"Thursday, August 21, 2014","Tuesday, August 20, 2021",Active
Switch-65,GB0214260320,EX3300-48P,EX3300,Switches,HUMBER COLLEGE,H100,60193366,SV5-COR-EX3300-SITE,"Thursday, August 21, 2014","Tuesday, August 20, 2021",Active
Switch-66,GB0214260322,EX3300-48P,EX3300,Switches,HUMBER COLLEGE,H100,60193366,SV5-COR-EX3300-SITE,"Thursday, August 21, 2014","Tuesday, August 20, 2021",Active
Switch-67,GB0214260125,EX3300-48P,EX3300,Switches,HUMBER COLLEGE,H100,60193366,SV5-COR-EX3300-SITE,"Thursday, August 21, 2014","Tuesday, August 20, 2021",Active
Switch-68,GB0214260129,EX3300-48P,EX3300,Switches,HUMBER COLLEGE,H100,60193366,SV5-COR-EX3300-SITE,"Thursday, August 21, 2014","Tuesday, August 20, 2021",Active
Switch-69,GB0214258519,EX3300-48P,EX3300,Switches,HUMBER COLLEGE,H100,60193366,SV5-COR-EX3300-SITE,"Thursday, August 21, 2014","Tuesday, August 20, 2021",Active
Switch-70,GB0214259028,EX3300-48P,EX3300,Switches,HUMBER COLLEGE,H100,60193366,SV5-COR-EX3300-SITE,"Thursday, August 21, 2014","Tuesday, August 20, 2021",Active
Switch-71,GB0214270331,EX3300-48P,EX3300,Switches,HUMBER COLLEGE,H100,60193366,SV5-COR-EX3300-SITE,"Thursday, August 21, 2014","Tuesday, August 20, 2021",Active
Switch-72,GB0214270020,EX3300-48P,EX3300,Switches,HUMBER COLLEGE,H100,60193366,SV5-COR-EX3300-SITE,"Thursday, August 21, 2014","Tuesday, August 20, 2021",Active
Switch-73,GB0214270125,EX3300-48P,EX3300,Switches,HUMBER COLLEGE,H100,60193366,SV5-COR-EX3300-SITE,"Thursday, August 21, 2014","Tuesday, August 20, 2021",Active
Switch-74,GB0214270533,EX3300-48P,EX3300,Switches,HUMBER COLLEGE,H100,60193366,SV5-COR-EX3300-SITE,"Thursday, August 21, 2014","Tuesday, August 20, 2021",Active
Switch-75,GB0214270157,EX3300-48P,EX3300,Switches,HUMBER COLLEGE,H100,60193366,SV5-COR-EX3300-SITE,"Thursday, August 21, 2014","Tuesday, August 20, 2021",Active
Switch-76,GB0214270358,EX3300-48P,EX3300,Switches,HUMBER COLLEGE,D118,60193366,SV5-COR-EX3300-SITE,"Thursday, August 21, 2014","Tuesday, August 20, 2021",Active
Switch-77,GB0214270167,EX3300-48P,EX3300,Switches,HUMBER COLLEGE,F112,60193366,SV5-COR-EX3300-SITE,"Thursday, August 21, 2014","Tuesday, August 20, 2021",Active
Switch-78,GB0214280464,EX3300-48P,EX3300,Switches,HUMBER COLLEGE,E302,60193366,SV5-COR-EX3300-SITE,"Thursday, August 21, 2014","Tuesday, August 20, 2021",Active
Switch-79,GB0214280138,EX3300-48P,EX3300,Switches,HUMBER COLLEGE,D118,60193366,SV5-COR-EX3300-SITE,"Thursday, August 21, 2014","Tuesday, August 20, 2021",Active
Switch-80,GB0214270545,EX3300-48P,EX3300,Switches,HUMBER COLLEGE,GH100,60193366,SV5-COR-EX3300-SITE,"Thursday, August 21, 2014","Tuesday, August 20, 2021",Active
Switch-81,GB0214270177,EX3300-48P,EX3300,Switches,HUMBER COLLEGE,GH100,60193366,SV5-COR-EX3300-SITE,"Thursday, August 21, 2014","Tuesday, August 20, 2021",Active
Switch-82,GB0214280101,EX3300-48P,EX3300,Switches,HUMBER COLLEGE,GH100,60193366,SV5-COR-EX3300-SITE,"Thursday, August 21, 2014","Tuesday, August 20, 2021",Active
Switch-83,GB0215230556,EX3300-48P,EX3300,Switches,HUMBER COLLEGE,GH100,60193366,SV5-COR-EX3300-SITE,"Thursday, August 21, 2014","Tuesday, August 20, 2021",Active
Switch-84,GB0214260160,EX3300-48P,EX3300,Switches,HUMBER COLLEGE,GH100,60221147,SV5-COR-EX3300-SITE,"Wednesday, November 26, 2014","Monday, November 25, 2021",Active
Switch-85,GB0214260221,EX3300-48P,EX3300,Switches,HUMBER COLLEGE,GH100,60221147,SV5-COR-EX3300-SITE,"Wednesday, November 26, 2014","Monday, November 25, 2021",Active
Switch-86,GB0214260248,EX3300-48P,EX3300,Switches,HUMBER COLLEGE,GH100,60221147,SV5-COR-EX3300-SITE,"Wednesday, November 26, 2014","Monday, November 25, 2021",Active
Switch-87,GB0214260251,EX3300-48P,EX3300,Switches,HUMBER COLLEGE,GH100,60221147,SV5-COR-EX3300-SITE,"Wednesday, November 26, 2014","Monday, November 25, 2021",Active
Switch-88,GB0214259390,EX3300-48P,EX3300,Switches,HUMBER COLLEGE,GH100,60221147,SV5-COR-EX3300-SITE,"Wednesday, November 26, 2014","Monday, November 25, 2021",Active
Switch-89,GB0214259397,EX3300-48P,EX3300,Switches,HUMBER COLLEGE,GH100,60221147,SV5-COR-EX3300-SITE,"Wednesday, November 26, 2014","Monday, November 25, 2021",Active
Switch-90,GB0214259464,EX3300-48P,EX3300,Switches,HUMBER COLLEGE,H200,60221147,SV5-COR-EX3300-SITE,"Wednesday, November 26, 2014","Monday, November 25, 2021",Active
Switch-91,GB0214259474,EX3300-48P,EX3300,Switches,HUMBER COLLEGE,H200,60221147,SV5-COR-EX3300-SITE,"Wednesday, November 26, 2014","Monday, November 25, 2021",Active
Switch-92,GB0214260277,EX3300-48P,EX3300,Switches,HUMBER COLLEGE,ESSO,60221147,SV5-COR-EX3300-SITE,"Wednesday, November 26, 2014","Monday, November 25, 2021",Active
Switch-93,GB0214259300,EX3300-48P,EX3300,Switches,HUMBER COLLEGE,FireHall,60221147,SV5-COR-EX3300-SITE,"Wednesday, November 26, 2014","Monday, November 25, 2021",Active
Switch-94,GB0214259321,EX3300-48P,EX3300,Switches,HUMBER COLLEGE,F334,60221147,SV5-COR-EX3300-SITE,"Wednesday, November 26, 2014","Monday, November 25, 2021",Active
Switch-95,GB0214259324,EX3300-48P,EX3300,Switches,HUMBER COLLEGE,KX202C,60221147,SV5-COR-EX3300-SITE,"Wednesday, November 26, 2014","Monday, November 25, 2021",Active
Switch-96,GB0214260329,EX3300-48P,EX3300,Switches,HUMBER COLLEGE,F432,60221147,SV5-COR-EX3300-SITE,"Wednesday, November 26, 2014","Monday, November 25, 2021",Active
Switch-97,GB0214260330,EX3300-48P,EX3300,Switches,HUMBER COLLEGE,E140,60221147,SV5-COR-EX3300-SITE,"Wednesday, November 26, 2014","Monday, November 25, 2021",Active
Switch-98,GB0214260336,EX3300-48P,EX3300,Switches,HUMBER COLLEGE,F-Building,60221147,SV5-COR-EX3300-SITE,"Wednesday, November 26, 2014","Monday, November 25, 2021",Active
Switch-99,GB0214259576,EX3300-48P,EX3300,Switches,HUMBER COLLEGE,L135,60221147,SV5-COR-EX3300-SITE,"Wednesday, November 26, 2014","Monday, November 25, 2021",Active
Switch-100,GB0214259654,EX3300-48P,EX3300,Switches,HUMBER COLLEGE,F432,60221147,SV5-COR-EX3300-SITE,"Wednesday, November 26, 2014","Monday, November 25, 2021",Active
Switch-101,GB0214259660,EX3300-48P,EX3300,Switches,HUMBER COLLEGE,W116,60221147,SV5-COR-EX3300-SITE,"Wednesday, November 26, 2014","Monday, November 25, 2021",Active
Switch-102,GB0214259662,EX3300-48P,EX3300,Switches,HUMBER COLLEGE,KB105,60221147,SV5-COR-EX3300-SITE,"Wednesday, November 26, 2014","Monday, November 25, 2021",Active
Switch-103,GB0214259664,EX3300-48P,EX3300,Switches,HUMBER COLLEGE,E302,60221147,SV5-COR-EX3300-SITE,"Wednesday, November 26, 2014","Monday, November 25, 2021",Active
Switch-104,GB0214259700,EX3300-48P,EX3300,Switches,HUMBER COLLEGE,E143,60221147,SV5-COR-EX3300-SITE,"Wednesday, November 26, 2014","Monday, November 25, 2021",Active
Switch-105,GB0214259728,EX3300-48P,EX3300,Switches,HUMBER COLLEGE,E140,60221147,SV5-COR-EX3300-SITE,"Wednesday, November 26, 2014","Monday, November 25, 2021",Active
Switch-106,GB0214259743,EX3300-48P,EX3300,Switches,HUMBER COLLEGE,Froof,60221147,SV5-COR-EX3300-SITE,"Wednesday, November 26, 2014","Monday, November 25, 2021",Active
Switch-107,GB0214259749,EX3300-48P,EX3300,Switches,HUMBER COLLEGE,KX202C,60221147,SV5-COR-EX3300-SITE,"Wednesday, November 26, 2014","Monday, November 25, 2021",Active
Switch-108,GB0214260002,EX3300-48P,EX3300,Switches,HUMBER COLLEGE,D200,60221147,SV5-COR-EX3300-SITE,"Wednesday, November 26, 2014","Monday, November 25, 2021",Active
Switch-109,GB0214260043,EX3300-48P,EX3300,Switches,HUMBER COLLEGE,D200,60221147,SV5-COR-EX3300-SITE,"Wednesday, November 26, 2014","Monday, November 25, 2021",Active
Switch-110,GB0214260066,EX3300-48P,EX3300,Switches,HUMBER COLLEGE,D200,60221147,SV5-COR-EX3300-SITE,"Wednesday, November 26, 2014","Monday, November 25, 2021",Active
Switch-111,GB0214260076,EX3300-48P,EX3300,Switches,HUMBER COLLEGE,D200,60221147,SV5-COR-EX3300-SITE,"Wednesday, November 26, 2014","Monday, November 25, 2021",Active
Switch-112,GB0214260094,EX3300-48P,EX3300,Switches,HUMBER COLLEGE,D200,60221147,SV5-COR-EX3300-SITE,"Wednesday, November 26, 2014","Monday, November 25, 2021",Active
Switch-113,GB0214260103,EX3300-48P,EX3300,Switches,HUMBER COLLEGE,D133,60221147,SV5-COR-EX3300-SITE,"Wednesday, November 26, 2014","Monday, November 25, 2021",Active
Switch-114,GB0214260104,EX3300-48P,EX3300,Switches,HUMBER COLLEGE,G106,60221147,SV5-COR-EX3300-SITE,"Wednesday, November 26, 2014","Monday, November 25, 2021",Active
Switch-115,GB0214260107,EX3300-48P,EX3300,Switches,HUMBER COLLEGE,B309,60221147,SV5-COR-EX3300-SITE,"Wednesday, November 26, 2014","Monday, November 25, 2021",Active
Switch-116,GB0214260122,EX3300-48P,EX3300,Switches,HUMBER COLLEGE,B309,60221147,SV5-COR-EX3300-SITE,"Wednesday, November 26, 2014","Monday, November 25, 2021",Active
Switch-117,GB0214260127,EX3300-48P,EX3300,Switches,HUMBER COLLEGE,C104,60221147,SV5-COR-EX3300-SITE,"Wednesday, November 26, 2014","Monday, November 25, 2021",Active
Switch-118,GB0214260134,EX3300-48P,EX3300,Switches,HUMBER COLLEGE,A201,60221147,SV5-COR-EX3300-SITE,"Wednesday, November 26, 2014","Monday, November 25, 2021",Active
Switch-119,GB0214258577,EX3300-48P,EX3300,Switches,HUMBER COLLEGE,A108,60221147,SV5-COR-EX3300-SITE,"Wednesday, November 26, 2014","Monday, November 25, 2021",Active
Switch-120,GB0214258594,EX3300-48P,EX3300,Switches,HUMBER COLLEGE,A213,60221147,SV5-COR-EX3300-SITE,"Wednesday, November 26, 2014","Monday, November 25, 2021",Active
Switch-121,GB0214258642,EX3300-48P,EX3300,Switches,HUMBER COLLEGE,D167,60221147,SV5-COR-EX3300-SITE,"Wednesday, November 26, 2014","Monday, November 25, 2021",Active
Switch-122,GB0214259201,EX3300-48P,EX3300,Switches,HUMBER COLLEGE,B303,60221147,SV5-COR-EX3300-SITE,"Wednesday, November 26, 2014","Monday, November 25, 2021",Active
Switch-123,GB0214259210,EX3300-48P,EX3300,Switches,HUMBER COLLEGE,B314,60221147,SV5-COR-EX3300-SITE,"Wednesday, November 26, 2014","Monday, November 25, 2021",Active
Switch-124,GB0214259218,EX3300-48P,EX3300,Switches,HUMBER COLLEGE,A120D,60221147,SV5-COR-EX3300-SITE,"Wednesday, November 26, 2014","Monday, November 25, 2021",Active
Switch-125,GB0214270448,EX3300-48P,EX3300,Switches,HUMBER COLLEGE,B109,60221147,SV5-COR-EX3300-SITE,"Wednesday, November 26, 2014","Monday, November 25, 2021",Active
Switch-126,GB0214270249,EX3300-48P,EX3300,Switches,HUMBER COLLEGE,H230,60221147,SV5-COR-EX3300-SITE,"Wednesday, November 26, 2014","Monday, November 25, 2021",Active
Switch-127,GB0214270102,EX3300-48P,EX3300,Switches,HUMBER COLLEGE,I-Plant,60221147,SV5-COR-EX3300-SITE,"Wednesday, November 26, 2014","Monday, November 25, 2021",Active
Switch-128,GB0214270330,EX3300-48P,EX3300,Switches,HUMBER COLLEGE,J116,60221147,SV5-COR-EX3300-SITE,"Wednesday, November 26, 2014","Monday, November 25, 2021",Active
Switch-129,GB0214270440,EX3300-48P,EX3300,Switches,HUMBER COLLEGE,J116,60221147,SV5-COR-EX3300-SITE,"Wednesday, November 26, 2014","Monday, November 25, 2021",Active
Switch-130,GB0214270245,EX3300-48P,EX3300,Switches,HUMBER COLLEGE,J116,60221147,SV5-COR-EX3300-SITE,"Wednesday, November 26, 2014","Monday, November 25, 2021",Active
Switch-131,GB0214270515,EX3300-48P,EX3300,Switches,HUMBER COLLEGE,J116,60221147,SV5-COR-EX3300-SITE,"Wednesday, November 26, 2014","Monday, November 25, 2021",Active
Switch-132,GB0214270482,EX3300-48P,EX3300,Switches,HUMBER COLLEGE,J116,60221147,SV5-COR-EX3300-SITE,"Wednesday, November 26, 2014","Monday, November 25, 2021",Active
Switch-133,GB0214270574,EX3300-48P,EX3300,Switches,HUMBER COLLEGE,J116,60221147,SV5-COR-EX3300-SITE,"Wednesday, November 26, 2014","Monday, November 25, 2021",Active
Switch-134,GB0214270237,EX3300-48P,EX3300,Switches,HUMBER COLLEGE,N100,60221147,SV5-COR-EX3300-SITE,"Wednesday, November 26, 2014","Monday, November 25, 2021",Active
Switch-135,GB0214440269,EX3300-48P,EX3300,Switches,HUMBER COLLEGE,N100,60221147,SV5-COR-EX3300-SITE,"Wednesday, November 26, 2014","Monday, November 25, 2021",Active
Switch-136,GB0215380433,EX3300-48P,EX3300,Switches,HUMBER COLLEGE - TORONTO,N100,60221147,SV5-COR-EX3300-SITE,"Wednesday, November 26, 2014","Monday, November 25, 2021",Active
Switch-137,GR0215260528,EX2200-C-12P-2G,EX2200,Switches,HUMBER COLLEGE - TORONTO,N100,60510615,SV3-COR-EX2200-C-SITE,"Thursday, February 2, 2017","Saturday, February 1, 2020",Active
Switch-138,GR0215330358,EX2200-C-12P-2G,EX2200,Switches,HUMBER COLLEGE - TORONTO,N100,60510615,SV3-COR-EX2200-C-SITE,"Thursday, February 2, 2017","Saturday, February 1, 2020",Active
Switch-139,GR0215330301,EX2200-C-12P-2G,EX2200,Switches,HUMBER COLLEGE - TORONTO,N100,60510615,SV3-COR-EX2200-C-SITE,"Thursday, February 2, 2017","Saturday, February 1, 2020",Active
Switch-140,GR0215330341,EX2200-C-12P-2G,EX2200,Switches,HUMBER COLLEGE - TORONTO,N100,60510615,SV3-COR-EX2200-C-SITE,"Thursday, February 2, 2017","Saturday, February 1, 2020",Active
Switch-141,GR0215330487,EX2200-C-12P-2G,EX2200,Switches,HUMBER COLLEGE - TORONTO,N100,60510615,SV3-COR-EX2200-C-SITE,"Thursday, February 2, 2017","Saturday, February 1, 2020",Active
Switch-142,GR0215330514,EX2200-C-12P-2G,EX2200,Switches,HUMBER COLLEGE - TORONTO,N100,60510615,SV3-COR-EX2200-C-SITE,"Thursday, February 2, 2017","Saturday, February 1, 2020",Active
Switch-143,GR0215330475,EX2200-C-12P-2G,EX2200,Switches,HUMBER COLLEGE - TORONTO,N100,60510615,SV3-COR-EX2200-C-SITE,"Thursday, February 2, 2017","Saturday, February 1, 2020",Active
Switch-144,GR0215330423,EX2200-C-12P-2G,EX2200,Switches,HUMBER COLLEGE - TORONTO,N100,60510615,SV3-COR-EX2200-C-SITE,"Thursday, February 2, 2017","Saturday, February 1, 2020",Active
Switch-145,GR0215310023,EX2200-C-12P-2G,EX2200,Switches,HUMBER COLLEGE - TORONTO,N100,60510615,SV3-COR-EX2200-C-SITE,"Thursday, February 2, 2017","Saturday, February 1, 2020",Active
Switch-146,GR0215310017,EX2200-C-12P-2G,EX2200,Switches,HUMBER COLLEGE - TORONTO,N100,60510615,SV3-COR-EX2200-C-SITE,"Thursday, February 2, 2017","Saturday, February 1, 2020",Active
Switch-147,GR0215330661,EX2200-C-12P-2G,EX2200,Switches,HUMBER COLLEGE - TORONTO,N100,60510615,SV3-COR-EX2200-C-SITE,"Thursday, February 2, 2017","Saturday, February 1, 2020",Active
Switch-148,GR0215330688,EX2200-C-12P-2G,EX2200,Switches,HUMBER COLLEGE - TORONTO,N100,60510615,SV3-COR-EX2200-C-SITE,"Thursday, February 2, 2017","Saturday, February 1, 2020",Active
Switch-149,GR0215330693,EX2200-C-12P-2G,EX2200,Switches,HUMBER COLLEGE - TORONTO,N100,60510615,SV3-COR-EX2200-C-SITE,"Thursday, February 2, 2017","Saturday, February 1, 2020",Active
Switch-150,GR0215330668,EX2200-C-12P-2G,EX2200,Switches,HUMBER COLLEGE - TORONTO,UEC,60510615,SV3-COR-EX2200-C-SITE,"Thursday, February 2, 2017","Saturday, February 1, 2020",Active
Switch-151,GR0215330729,EX2200-C-12P-2G,EX2200,Switches,HUMBER COLLEGE - TORONTO,Busloop,60510615,SV3-COR-EX2200-C-SITE,"Thursday, February 2, 2017","Saturday, February 1, 2020",Active
Switch-152,GR0215350461,EX2200-C-12P-2G,EX2200,Switches,HUMBER COLLEGE - TORONTO,NB115,60510615,SV3-COR-EX2200-C-SITE,"Thursday, February 2, 2017","Saturday, February 1, 2020",Active
Switch-153,GR0215380311,EX2200-C-12P-2G,EX2200,Switches,HUMBER COLLEGE - TORONTO,NX109,60510615,SV3-COR-EX2200-C-SITE,"Thursday, February 2, 2017","Saturday, February 1, 2020",Active
Switch-154,GR0215380884,EX2200-C-12P-2G,EX2200,Switches,HUMBER COLLEGE - TORONTO,NX203,60510615,SV3-COR-EX2200-C-SITE,"Thursday, February 2, 2017","Saturday, February 1, 2020",Active
Switch-155,GR0215380823,EX2200-C-12P-2G,EX2200,Switches,HUMBER COLLEGE - TORONTO,GH100,60510615,SV3-COR-EX2200-C-SITE,"Thursday, February 2, 2017","Saturday, February 1, 2020",Active
Switch-156,GR0215380625,EX2200-C-12P-2G,EX2200,Switches,HUMBER COLLEGE - TORONTO,GH131,60510615,SV3-COR-EX2200-C-SITE,"Thursday, February 2, 2017","Saturday, February 1, 2020",Active
Switch-157,GR0215380933,EX2200-C-12P-2G,EX2200,Switches,HUMBER COLLEGE - TORONTO,GH100,60510615,SV3-COR-EX2200-C-SITE,"Thursday, February 2, 2017","Saturday, February 1, 2020",Active
Switch-158,GR0215380948,EX2200-C-12P-2G,EX2200,Switches,HUMBER COLLEGE - TORONTO,GH100,60510615,SV3-COR-EX2200-C-SITE,"Thursday, February 2, 2017","Saturday, February 1, 2020",Active
Switch-159,GB0216370102,EX3300-48P,EX3300,Switches,HUMBER COLLEGE - TORONTO,GH100,60510615,SV3-COR-EX3300-SITE,"Thursday, February 2, 2017","Saturday, February 1, 2020",Active
Switch-160,GB0216370202,EX3300-48P,EX3300,Switches,HUMBER COLLEGE - TORONTO,GH100,60510615,SV3-COR-EX3300-SITE,"Thursday, February 2, 2017","Saturday, February 1, 2020",Active
Switch-161,GB0216370682,EX3300-48P,EX3300,Switches,HUMBER COLLEGE - TORONTO,GH100,60510615,SV3-COR-EX3300-SITE,"Thursday, February 2, 2017","Saturday, February 1, 2020",Active
Switch-162,GB0216370190,EX3300-48P,EX3300,Switches,HUMBER COLLEGE - TORONTO,GH100,60510615,SV3-COR-EX3300-SITE,"Thursday, February 2, 2017","Saturday, February 1, 2020",Active
Switch-163,GB0216370660,EX3300-48P,EX3300,Switches,HUMBER COLLEGE - TORONTO,GH100,60510615,SV3-COR-EX3300-SITE,"Thursday, February 2, 2017","Saturday, February 1, 2020",Active
Switch-164,GB0216370588,EX3300-48P,EX3300,Switches,HUMBER COLLEGE - TORONTO,GH100,60510615,SV3-COR-EX3300-SITE,"Thursday, February 2, 2017","Saturday, February 1, 2020",Active
Switch-165,GR0216450054,EX2200-C-12P-2G,EX2200,Switches,HUMBER COLLEGE - TORONTO,GH100,60510615,SV3-COR-EX2200-C-SITE,"Thursday, February 2, 2017","Saturday, February 1, 2020",Active
Switch-166,GR0216450079,EX2200-C-12P-2G,EX2200,Switches,HUMBER COLLEGE - TORONTO,GH100,60510615,SV3-COR-EX2200-C-SITE,"Thursday, February 2, 2017","Saturday, February 1, 2020",Active
Switch-167,GR0216450042,EX2200-C-12P-2G,EX2200,Switches,HUMBER COLLEGE - TORONTO,GH100,60510615,SV3-COR-EX2200-C-SITE,"Thursday, February 2, 2017","Saturday, February 1, 2020",Active
Switch-168,GR0216450003,EX2200-C-12P-2G,EX2200,Switches,HUMBER COLLEGE - TORONTO,GH100,60510615,SV3-COR-EX2200-C-SITE,"Thursday, February 2, 2017","Saturday, February 1, 2020",Active
Switch-169,GR0216510316,EX2200-C-12P-2G,EX2200,Switches,HUMBER COLLEGE - TORONTO,GH206,60510615,SV3-COR-EX2200-C-SITE,"Thursday, February 2, 2017","Saturday, February 1, 2020",Active
Switch-170,GR0216510757,EX2200-C-12P-2G,EX2200,Switches,HUMBER COLLEGE - TORONTO,M204,60510615,SV3-COR-EX2200-C-SITE,"Thursday, February 2, 2017","Saturday, February 1, 2020",Active
Switch-171,GR0216510765,EX2200-C-12P-2G,EX2200,Switches,HUMBER COLLEGE - TORONTO,LX115,60510615,SV3-COR-EX2200-C-SITE,"Thursday, February 2, 2017","Saturday, February 1, 2020",Active
Switch-172,GR0216510698,EX2200-C-12P-2G,EX2200,Switches,HUMBER COLLEGE - TORONTO,LX109,60510615,SV3-COR-EX2200-C-SITE,"Thursday, February 2, 2017","Saturday, February 1, 2020",Active
Switch-173,GR0216510656,EX2200-C-12P-2G,EX2200,Switches,HUMBER COLLEGE - TORONTO,M204,60510615,SV3-COR-EX2200-C-SITE,"Thursday, February 2, 2017","Saturday, February 1, 2020",Active
Switch-174,GR0216510480,EX2200-C-12P-2G,EX2200,Switches,HUMBER COLLEGE - TORONTO,M204,60510615,SV3-COR-EX2200-C-SITE,"Thursday, February 2, 2017","Saturday, February 1, 2020",Active
Switch-175,GR0216510842,EX2200-C-12P-2G,EX2200,Switches,HUMBER COLLEGE - TORONTO,M204,60510615,SV3-COR-EX2200-C-SITE,"Thursday, February 2, 2017","Saturday, February 1, 2020",Active
Switch-176,GR0216510937,EX2200-C-12P-2G,EX2200,Switches,HUMBER COLLEGE - TORONTO,M204,60510615,SV3-COR-EX2200-C-SITE,"Thursday, February 2, 2017","Saturday, February 1, 2020",Active
Switch-177,GR0216510586,EX2200-C-12P-2G,EX2200,Switches,HUMBER COLLEGE - TORONTO,M204,60510615,SV3-COR-EX2200-C-SITE,"Thursday, February 2, 2017","Saturday, February 1, 2020",Active
Switch-178,GR0216510697,EX2200-C-12P-2G,EX2200,Switches,HUMBER COLLEGE - TORONTO,GH306,60510615,SV3-COR-EX2200-C-SITE,"Thursday, February 2, 2017","Saturday, February 1, 2020",Active
Switch-179,GR0216510629,EX2200-C-12P-2G,EX2200,Switches,HUMBER COLLEGE - TORONTO,GH331,60510615,SV3-COR-EX2200-C-SITE,"Thursday, February 2, 2017","Saturday, February 1, 2020",Active
Switch-180,GR0216510630,EX2200-C-12P-2G,EX2200,Switches,HUMBER COLLEGE - TORONTO,GH406,60510615,SV3-COR-EX2200-C-SITE,"Thursday, February 2, 2017","Saturday, February 1, 2020",Active
Switch-181,GR0216510244,EX2200-C-12P-2G,EX2200,Switches,HUMBER COLLEGE - TORONTO,GH406,60510615,SV3-COR-EX2200-C-SITE,"Thursday, February 2, 2017","Saturday, February 1, 2020",Active
Switch-182,GR0216510655,EX2200-C-12P-2G,EX2200,Switches,HUMBER COLLEGE - TORONTO,GH431,60510615,SV3-COR-EX2200-C-SITE,"Thursday, February 2, 2017","Saturday, February 1, 2020",Active
Switch-183,GR0216510631,EX2200-C-12P-2G,EX2200,Switches,HUMBER COLLEGE - TORONTO,K100,60510615,SV3-COR-EX2200-C-SITE,"Thursday, February 2, 2017","Saturday, February 1, 2020",Active
Switch-184,GR0216510616,EX2200-C-12P-2G,EX2200,Switches,HUMBER COLLEGE - TORONTO,K100,60510615,SV3-COR-EX2200-C-SITE,"Thursday, February 2, 2017","Saturday, February 1, 2020",Active
Switch-185,GR0216510639,EX2200-C-12P-2G,EX2200,Switches,HUMBER COLLEGE - TORONTO,K100,60510615,SV3-COR-EX2200-C-SITE,"Thursday, February 2, 2017","Saturday, February 1, 2020",Active
Switch-186,GR0216510711,EX2200-C-12P-2G,EX2200,Switches,HUMBER COLLEGE - TORONTO,K100,60510615,SV3-COR-EX2200-C-SITE,"Thursday, February 2, 2017","Saturday, February 1, 2020",Active
Switch-187,GR0216510533,EX2200-C-12P-2G,EX2200,Switches,HUMBER COLLEGE - TORONTO,K100,60510615,SV3-COR-EX2200-C-SITE,"Thursday, February 2, 2017","Saturday, February 1, 2020",Active
Switch-188,GR0216510531,EX2200-C-12P-2G,EX2200,Switches,HUMBER COLLEGE - TORONTO,K100,60510615,SV3-COR-EX2200-C-SITE,"Thursday, February 2, 2017","Saturday, February 1, 2020",Active
Switch-189,GR0216510787,EX2200-C-12P-2G,EX2200,Switches,HUMBER COLLEGE - TORONTO,L163,60510615,SV3-COR-EX2200-C-SITE,"Thursday, February 2, 2017","Saturday, February 1, 2020",Active
Switch-190,GB0216370755,EX3300-48P,EX3300,Switches,HUMBER COLLEGE - TORONTO,L163,60511529,SV3-COR-EX3300-SITE,"Thursday, February 9, 2017","Saturday, February 8, 2020",Active
Switch-191,GB0216370961,EX3300-48P,EX3300,Switches,HUMBER COLLEGE - TORONTO,L212,60511529,SV3-COR-EX3300-SITE,"Thursday, February 9, 2017","Saturday, February 8, 2020",Active
Switch-192,GB0216370817,EX3300-48P,EX3300,Switches,HUMBER COLLEGE - TORONTO,LX115,60511529,SV3-COR-EX3300-SITE,"Thursday, February 9, 2017","Saturday, February 8, 2020",Active
Switch-193,GB0216370559,EX3300-48P,EX3300,Switches,HUMBER COLLEGE - TORONTO,LX109,60511529,SV3-COR-EX3300-SITE,"Thursday, February 9, 2017","Saturday, February 8, 2020",Active
Switch-194,GB0216370789,EX3300-48P,EX3300,Switches,HUMBER COLLEGE - TORONTO,CTI1003,60511529,SV3-COR-EX3300-SITE,"Thursday, February 9, 2017","Saturday, February 8, 2020",Active
Switch-195,GB0216370766,EX3300-48P,EX3300,Switches,HUMBER COLLEGE - TORONTO,CTI1003,60511529,SV3-COR-EX3300-SITE,"Thursday, February 9, 2017","Saturday, February 8, 2020",Active
Switch-196,GR0216450007,EX2200-C-12P-2G,EX2200,Switches,HUMBER COLLEGE - TORONTO,CTI1003,60511529,SV3-COR-EX2200-C-12P,"Thursday, February 9, 2017","Saturday, February 8, 2020",Active
Switch-197,GR0216450037,EX2200-C-12P-2G,EX2200,Switches,HUMBER COLLEGE - TORONTO,CTI1003,60511529,SV3-COR-EX2200-C-12P,"Thursday, February 9, 2017","Saturday, February 8, 2020",Active
Switch-198,GR0216450012,EX2200-C-12P-2G,EX2200,Switches,HUMBER COLLEGE - TORONTO,CTI1003,60511529,SV3-COR-EX2200-C-12P,"Thursday, February 9, 2017","Saturday, February 8, 2020",Active
Switch-199,GR0216450062,EX2200-C-12P-2G,EX2200,Switches,HUMBER COLLEGE - TORONTO,CTI1003,60511529,SV3-COR-EX2200-C-12P,"Thursday, February 9, 2017","Saturday, February 8, 2020",Active
Switch-200,GR0216450073,EX2200-C-12P-2G,EX2200,Switches,HUMBER COLLEGE - TORONTO,CTI1003,60511529,SV3-COR-EX2200-C-12P,"Thursday, February 9, 2017","Saturday, February 8, 2020",Active
Switch-201,GR0216510440,EX2200-C-12P-2G,EX2200,Switches,HUMBER COLLEGE - TORONTO,CTI1003,60511529,SV3-COR-EX2200-C-12P,"Thursday, February 9, 2017","Saturday, February 8, 2020",Active
Switch-202,GB0214321034,EX3300-48P,EX3300,Switches,HUMBER COLLEGE,CTI1075,60344687,SV5-COR-EX3300-SITE,"Friday, May 29, 2015","Thursday, May 28, 2020",Active
Switch-203,GB0214320838,EX3300-48P,EX3300,Switches,HUMBER COLLEGE - TORONTO,CTI2003,60344687,SV5-COR-EX3300-SITE,"Friday, May 29, 2015","Thursday, May 28, 2020",Active
Switch-204,GB0214320569,EX3300-48P,EX3300,Switches,HUMBER COLLEGE,CTI3076,60344687,SV5-COR-EX3300-SITE,"Friday, May 29, 2015","Thursday, May 28, 2020",Active
Switch-205,GB0214320443,EX3300-48P,EX3300,Switches,HUMBER COLLEGE,CTI3076,60344687,SV5-COR-EX3300-SITE,"Friday, May 29, 2015","Thursday, May 28, 2020",Active
Switch-206,GR0217030453,EX2200-C-12P-2G,EX2200,Switches,HUMBER COLLEGE,CTI3076,60534772,SV3-COR-EX2200-C-12P,"Friday, July 28, 2017","Monday, July 27, 2020",Active
Switch-207,GB0215210293,EX3300-48P,EX3300,Switches,HUMBER COLLEGE,CTI3076,60377418,SV5-COR-EX3300-SITE,"Friday, August 7, 2015","Thursday, August 6, 2020",Active
Switch-208,GB0215250414,EX3300-48P,EX3300,Switches,HUMBER COLLEGE,CTI3076,60377418,SV5-COR-EX3300-SITE,"Friday, August 7, 2015","Thursday, August 6, 2020",Active
Switch-209,GB0215250190,EX3300-48P,EX3300,Switches,HUMBER COLLEGE,CTI3076,60377418,SV5-COR-EX3300-SITE,"Friday, August 7, 2015","Thursday, August 6, 2020",Active
Switch-210,GB0215210101,EX3300-48P,EX3300,Switches,HUMBER COLLEGE,CTI3076,60377418,SV5-COR-EX3300-SITE,"Friday, August 7, 2015","Thursday, August 6, 2020",Active
Switch-211,GB0217250906,EX3300-48P,EX3300,Switches,HUMBER COLLEGE   OFFICE NORTH J230,CTI3076,60540754,SV3-COR-EX3300-SITE,"Tuesday, September 12, 2017","Friday, September 11, 2020",Active
Switch-212,GB0217250595,EX3300-48P,EX3300,Switches,HUMBER COLLEGE   OFFICE NORTH J230,CTI3076,60540752,SV3-COR-EX3300-SITE,"Tuesday, September 12, 2017","Friday, September 11, 2020",Active
Switch-213,LY0216525409,EX4550-32T-AFO,EX4550,Switches,HUMBER COLLEGE   OFFICE NORTH J230,CTI3076,60544905,SV3-ND-EX4550,"Tuesday, October 3, 2017","Friday, October 2, 2020",Active
Switch-214,LY0216525382,EX4550-32T-AFO,EX4550,Switches,HUMBER COLLEGE   OFFICE NORTH J230,CTI3076,60544905,SV3-ND-EX4550,"Tuesday, October 3, 2017","Friday, October 2, 2020",Active
Switch-215,GB0217230446,EX3300-48P,EX3300,Switches,HUMBER COLLEGE   OFFICE NORTH J230,CTI3076,60544905,SV3-COR-EX3300-SITE,"Tuesday, October 3, 2017","Friday, October 2, 2020",Active
Switch-216,GB0217230724,EX3300-48P,EX3300,Switches,HUMBER COLLEGE   OFFICE NORTH J230,E300,60544905,SV3-COR-EX3300-SITE,"Tuesday, October 3, 2017","Friday, October 2, 2020",Active
Switch-217,GB0217230537,EX3300-48P,EX3300,Switches,HUMBER COLLEGE   OFFICE NORTH J230,CTI5005,60544905,SV3-COR-EX3300-SITE,"Tuesday, October 3, 2017","Friday, October 2, 2020",Active
Switch-218,GB0217230542,EX3300-48P,EX3300,Switches,HUMBER COLLEGE   OFFICE NORTH J230,CTI4004,60544905,SV3-COR-EX3300-SITE,"Tuesday, October 3, 2017","Friday, October 2, 2020",Active
Switch-219,GB0217230797,EX3300-48P,EX3300,Switches,HUMBER COLLEGE   OFFICE NORTH J230,CTI3076,60544905,SV3-COR-EX3300-SITE,"Tuesday, October 3, 2017","Friday, October 2, 2020",Active
Switch-220,GB0217230572,EX3300-48P,EX3300,Switches,HUMBER COLLEGE   OFFICE NORTH J230,CTI2107,60544905,SV3-COR-EX3300-SITE,"Tuesday, October 3, 2017","Friday, October 2, 2020",Active
Switch-221,GB0217230997,EX3300-48P,EX3300,Switches,HUMBER COLLEGE   OFFICE NORTH J230,CTI2107,60544905,SV3-COR-EX3300-SITE,"Tuesday, October 3, 2017","Friday, October 2, 2020",Active
Switch-222,GB0217230320,EX3300-48P,EX3300,Switches,HUMBER COLLEGE   OFFICE NORTH J230,CTI2107,60544905,SV3-COR-EX3300-SITE,"Tuesday, October 3, 2017","Friday, October 2, 2020",Active
Switch-223,GB0217250849,EX3300-48P,EX3300,Switches,HUMBER COLLEGE   OFFICE NORTH J230,CTI2107,60544905,SV3-COR-EX3300-SITE,"Tuesday, October 3, 2017","Friday, October 2, 2020",Active
Switch-224,GB0217250958,EX3300-48P,EX3300,Switches,HUMBER COLLEGE   OFFICE NORTH J230,CTI2107,60544905,SV3-COR-EX3300-SITE,"Tuesday, October 3, 2017","Friday, October 2, 2020",Active
Switch-225,GB0217280014,EX3300-48P,EX3300,Switches,HUMBER COLLEGE   OFFICE NORTH J230,CTI2107,60544905,SV3-COR-EX3300-SITE,"Tuesday, October 3, 2017","Friday, October 2, 2020",Active
Switch-226,GB0217280059,EX3300-48P,EX3300,Switches,HUMBER COLLEGE   OFFICE NORTH J230,CTI2107,60544905,SV3-COR-EX3300-SITE,"Tuesday, October 3, 2017","Friday, October 2, 2020",Active
Switch-227,GB0217280104,EX3300-48P,EX3300,Switches,HUMBER COLLEGE   OFFICE NORTH J230,CTI2107,60544905,SV3-COR-EX3300-SITE,"Tuesday, October 3, 2017","Friday, October 2, 2020",Active
Switch-228,GB0217280162,EX3300-48P,EX3300,Switches,HUMBER COLLEGE   OFFICE NORTH J230,CTI2107,60544905,SV3-COR-EX3300-SITE,"Tuesday, October 3, 2017","Friday, October 2, 2020",Active
Switch-229,GB0217280199,EX3300-48P,EX3300,Switches,HUMBER COLLEGE   OFFICE NORTH J230,CTI2107,60544905,SV3-COR-EX3300-SITE,"Tuesday, October 3, 2017","Friday, October 2, 2020",Active
Switch-230,GB0217280203,EX3300-48P,EX3300,Switches,HUMBER COLLEGE   OFFICE NORTH J230,CTI2107,60544905,SV3-COR-EX3300-SITE,"Tuesday, October 3, 2017","Friday, October 2, 2020",Active
Switch-231,GB0217280550,EX3300-48P,EX3300,Switches,HUMBER COLLEGE   OFFICE NORTH J230,CTI2107,60544905,SV3-COR-EX3300-SITE,"Tuesday, October 3, 2017","Friday, October 2, 2020",Active
Switch-232,GB0217280567,EX3300-48P,EX3300,Switches,HUMBER COLLEGE   OFFICE NORTH J230,CTI2107,60544905,SV3-COR-EX3300-SITE,"Tuesday, October 3, 2017","Friday, October 2, 2020",Active
Switch-233,GB0217280602,EX3300-48P,EX3300,Switches,HUMBER COLLEGE   OFFICE NORTH J230,CTI1075,60544905,SV3-COR-EX3300-SITE,"Tuesday, October 3, 2017","Friday, October 2, 2020",Active
Switch-234,GB0217280185,EX3300-48P,EX3300,Switches,HUMBER COLLEGE   OFFICE NORTH J230,CTI1075,60544905,SV3-COR-EX3300-SITE,"Tuesday, October 3, 2017","Friday, October 2, 2020",Active
Switch-235,GB0217280304,EX3300-48P,EX3300,Switches,HUMBER COLLEGE   OFFICE NORTH J230,CTI1075,60544905,SV3-COR-EX3300-SITE,"Tuesday, October 3, 2017","Friday, October 2, 2020",Active
Switch-236,GB0217280663,EX3300-48P,EX3300,Switches,HUMBER COLLEGE   OFFICE NORTH J230,CTI1075,60544905,SV3-COR-EX3300-SITE,"Tuesday, October 3, 2017","Friday, October 2, 2020",Active
Switch-237,GB0217280651,EX3300-48P,EX3300,Switches,HUMBER COLLEGE   OFFICE NORTH J230,CTI1075,60544905,SV3-COR-EX3300-SITE,"Tuesday, October 3, 2017","Friday, October 2, 2020",Active
Switch-238,GB0217280274,EX3300-48P,EX3300,Switches,HUMBER COLLEGE   OFFICE NORTH J230,CTI1075,60544905,SV3-COR-EX3300-SITE,"Tuesday, October 3, 2017","Friday, October 2, 2020",Active
Switch-239,GB0217280120,EX3300-48P,EX3300,Switches,HUMBER COLLEGE   OFFICE NORTH J230,CTI1075,60544905,SV3-COR-EX3300-SITE,"Tuesday, October 3, 2017","Friday, October 2, 2020",Active
Switch-240,GB0217280094,EX3300-48P,EX3300,Switches,HUMBER COLLEGE   OFFICE NORTH J230,E100,60544905,SV3-COR-EX3300-SITE,"Tuesday, October 3, 2017","Friday, October 2, 2020",Active
Switch-241,GB0217280569,EX3300-48P,EX3300,Switches,HUMBER COLLEGE   OFFICE NORTH J230,E100,60544905,SV3-COR-EX3300-SITE,"Tuesday, October 3, 2017","Friday, October 2, 2020",Active
Switch-242,GB0217280213,EX3300-48P,EX3300,Switches,HUMBER COLLEGE   OFFICE NORTH J230,E100,60544905,SV3-COR-EX3300-SITE,"Tuesday, October 3, 2017","Friday, October 2, 2020",Active
Switch-243,GB0217280234,EX3300-48P,EX3300,Switches,HUMBER COLLEGE   OFFICE NORTH J230,E100,60544905,SV3-COR-EX3300-SITE,"Tuesday, October 3, 2017","Friday, October 2, 2020",Active
Switch-244,GB0217280530,EX3300-48P,EX3300,Switches,HUMBER COLLEGE   OFFICE NORTH J230,E100,60544905,SV3-COR-EX3300-SITE,"Tuesday, October 3, 2017","Friday, October 2, 2020",Active
Switch-245,GB0217280191,EX3300-48P,EX3300,Switches,HUMBER COLLEGE   OFFICE NORTH J230,E100,60544905,SV3-COR-EX3300-SITE,"Tuesday, October 3, 2017","Friday, October 2, 2020",Active
Switch-246,GB0216260691,EX3300-48P,EX3300,Switches,HUMBER COLLEGE,E100,60547570,SV3-COR-EX3300-SITE,"Tuesday, October 24, 2017","Friday, October 23, 2020",Active
Switch-247,GB0216260508,EX3300-48P,EX3300,Switches,HUMBER COLLEGE,E100,60547570,SV3-COR-EX3300-SITE,"Tuesday, October 24, 2017","Friday, October 23, 2020",Active
Switch-248,GB0216260781,EX3300-48P,EX3300,Switches,HUMBER COLLEGE,E100,60547570,SV3-COR-EX3300-SITE,"Tuesday, October 24, 2017","Friday, October 23, 2020",Active
Switch-249,GB0216260710,EX3300-48P,EX3300,Switches,HUMBER COLLEGE,E100,60547570,SV3-COR-EX3300-SITE,"Tuesday, October 24, 2017","Friday, October 23, 2020",Active
Switch-250,GB0216260860,EX3300-48P,EX3300,Switches,HUMBER COLLEGE,E100,60547570,SV3-COR-EX3300-SITE,"Tuesday, October 24, 2017","Friday, October 23, 2020",Active
Switch-251,GB0216260900,EX3300-48P,EX3300,Switches,HUMBER COLLEGE,E100,60547570,SV3-COR-EX3300-SITE,"Tuesday, October 24, 2017","Friday, October 23, 2020",Active
Switch-252,GB0216260705,EX3300-48P,EX3300,Switches,HUMBER COLLEGE,E100,60547570,SV3-COR-EX3300-SITE,"Tuesday, October 24, 2017","Friday, October 23, 2020",Active
Switch-253,GB0216300550,EX3300-48P,EX3300,Switches,HUMBER COLLEGE,E100,60547570,SV3-COR-EX3300-SITE,"Tuesday, October 24, 2017","Friday, October 23, 2020",Active
Switch-254,GB0217250447,EX3300-48P,EX3300,Switches,HUMBER COLLEGE   OFFICE NORTH J230,E100,60550621,SV3-COR-EX3300-SITE,"Wednesday, November 15, 2017","Saturday, November 14, 2020",Active
Switch-255,GB0217250537,EX3300-48P,EX3300,Switches,HUMBER COLLEGE   OFFICE NORTH J230,E300,60550621,SV3-COR-EX3300-SITE,"Wednesday, November 15, 2017","Saturday, November 14, 2020",Active
Switch-256,GB0217250449,EX3300-48P,EX3300,Switches,HUMBER COLLEGE   OFFICE NORTH J230,E300,60550621,SV3-COR-EX3300-SITE,"Wednesday, November 15, 2017","Saturday, November 14, 2020",Active
Switch-257,GB0217250694,EX3300-48P,EX3300,Switches,HUMBER COLLEGE   OFFICE NORTH J230,E300,60550621,SV3-COR-EX3300-SITE,"Wednesday, November 15, 2017","Saturday, November 14, 2020",Active
Switch-258,GR0215530144,EX2200-C-12P-2G,EX2200,Switches,HUMBER COLLEGE   OFFICE NORTH J230,E300,60559213,SV3-COR-EX2200-C-12P,"Friday, January 12, 2018","Monday, January 11, 2021",Active
Switch-259,GR0216530324,EX2200-C-12P-2G,EX2200,Switches,HUMBER COLLEGE   OFFICE NORTH J230,E300,60559213,SV3-COR-EX2200-C-12P,"Friday, January 12, 2018","Monday, January 11, 2021",Active
Switch-260,GR0216530635,EX2200-C-12P-2G,EX2200,Switches,HUMBER COLLEGE   OFFICE NORTH J230,E300,60559213,SV3-COR-EX2200-C-12P,"Friday, January 12, 2018","Monday, January 11, 2021",Active
Switch-261,GR0216530603,EX2200-C-12P-2G,EX2200,Switches,HUMBER COLLEGE   OFFICE NORTH J230,E300,60559213,SV3-COR-EX2200-C-12P,"Friday, January 12, 2018","Monday, January 11, 2021",Active
Switch-262,GR0217030038,EX2200-C-12P-2G,EX2200,Switches,HUMBER COLLEGE   OFFICE NORTH J230,E300,60559213,SV3-COR-EX2200-C-12P,"Friday, January 12, 2018","Monday, January 11, 2021",Active
Switch-263,GR0217030232,EX2200-C-12P-2G,EX2200,Switches,HUMBER COLLEGE   OFFICE NORTH J230,E300,60559213,SV3-COR-EX2200-C-12P,"Friday, January 12, 2018","Monday, January 11, 2021",Active
Switch-264,GR0217030296,EX2200-C-12P-2G,EX2200,Switches,HUMBER COLLEGE   OFFICE NORTH J230,E300,60559213,SV3-COR-EX2200-C-12P,"Friday, January 12, 2018","Monday, January 11, 2021",Active
Switch-265,GR0217030443,EX2200-C-12P-2G,EX2200,Switches,HUMBER COLLEGE   OFFICE NORTH J230,E300,60559213,SV3-COR-EX2200-C-12P,"Friday, January 12, 2018","Monday, January 11, 2021",Active
Switch-266,GR0217420100,EX2200-C-12P-2G,EX2200,Switches,HUMBER COLLEGE   OFFICE NORTH J230,E300,60559213,SV3-COR-EX2200-C-12P,"Friday, January 12, 2018","Monday, January 11, 2021",Active
Switch-267,GB0214350671,EX3300-48P,EX3300,Switches,HUMBER COLLEGE   OFFICE NORTH J230,E300,60447011,SV5-COR-EX3300-SITE,"Monday, February 1, 2016","Sunday, January 31, 2021",Active
Switch-268,GB0217450838,EX3300-48P,EX3300,Switches,HUMBER COLLEGE   OFFICE NORTH J230,H200,60561799,SV3-COR-EX3300-SITE,"Friday, February 2, 2018","Monday, February 1, 2021",Active
Switch-269,GB0217450892,EX3300-48P,EX3300,Switches,HUMBER COLLEGE   OFFICE NORTH J230,H200,60561799,SV3-COR-EX3300-SITE,"Friday, February 2, 2018","Monday, February 1, 2021",Active
Switch-270,GB0217450974,EX3300-48P,EX3300,Switches,HUMBER COLLEGE   OFFICE NORTH J230,H200,60561799,SV3-COR-EX3300-SITE,"Friday, February 2, 2018","Monday, February 1, 2021",Active
Switch-271,GB0214350297,EX3300-48P,EX3300,Switches,HUMBER COLLEGE - TORONTO,H200,60448327,SV5-COR-EX3300-SITE,"Saturday, February 13, 2016","Friday, February 12, 2021",Active
Switch-272,GB0214500723,EX3300-48P,EX3300,Switches,HUMBER COLLEGE - TORONTO,H200,60448327,SV5-COR-EX3300-SITE,"Saturday, February 13, 2016","Friday, February 12, 2021",Active
Switch-273,GB0214500267,EX3300-48P,EX3300,Switches,HUMBER COLLEGE - TORONTO,H200,60448327,SV5-COR-EX3300-SITE,"Saturday, February 13, 2016","Friday, February 12, 2021",Active
Switch-274,GR0217030424,EX2200-C-12P-2G,EX2200,,HUMBER COLLEGE   OFFICE NORTH J230,H200,60564972,SV3-COR-EX2200-C-12P,"Tuesday, February 27, 2018","Friday, February 26, 2021",Active
Switch-275,GB0215520895,EX3300-48P,EX3300,Switches,HUMBER COLLEGE - TORONTO,H200,60460607,SV5-COR-EX3300-SITE,"Saturday, May 28, 2016","Thursday, May 27, 2021",Active
Switch-276,GB0215520914,EX3300-48P,EX3300,Switches,HUMBER COLLEGE - TORONTO,H200,60460602,SV5-COR-EX3300-SITE,"Tuesday, June 7, 2016","Sunday, June 6, 2021",Active
Switch-277,GB0215520521,EX3300-48P,EX3300,Switches,HUMBER COLLEGE - TORONTO,H200,60460602,SV5-COR-EX3300-SITE,"Tuesday, June 7, 2016","Sunday, June 6, 2021",Active
Switch-278,GB0215520929,EX3300-48P,EX3300,Switches,HUMBER COLLEGE - TORONTO,H200,60464544,SV5-COR-EX3300-SITE,"Friday, June 24, 2016","Wednesday, June 23, 2021",Active
Switch-279,GB0215520723,EX3300-48P,EX3300,Switches,HUMBER COLLEGE - TORONTO,H200,60464544,SV5-COR-EX3300-SITE,"Friday, June 24, 2016","Wednesday, June 23, 2021",Active
Switch-280,GB0215480542,EX3300-48P,EX3300,Switches,HUMBER COLLEGE - TORONTO,H200,60464793,SV5-COR-EX3300-SITE,"Saturday, June 25, 2016","Thursday, June 24, 2021",Active
Switch-281,GB0215480918,EX3300-48P,EX3300,Switches,HUMBER COLLEGE - TORONTO,H200,60464793,SV5-COR-EX3300-SITE,"Saturday, June 25, 2016","Thursday, June 24, 2021",Active
Switch-282,GB0214290752,EX3300-48P,EX3300,Switches,HUMBER COLLEGE,H200,60466653,SV5-COR-EX3300-SITE,"Tuesday, August 2, 2016","Sunday, August 1, 2021",Active
Switch-283,GB0214470870,EX3300-48P,EX3300,Switches,HUMBER COLLEGE,H200,60466653,SV5-COR-EX3300-SITE,"Tuesday, August 2, 2016","Sunday, August 1, 2021",Active
Switch-284,GB0215060840,EX3300-48P,EX3300,Switches,HUMBER COLLEGE,H200,60466653,SV5-COR-EX3300-SITE,"Tuesday, August 2, 2016","Sunday, August 1, 2021",Active
Switch-285,GB0215380175,EX3300-48P,EX3300,Switches,HUMBER COLLEGE,H200,60466653,SV5-COR-EX3300-SITE,"Tuesday, August 2, 2016","Sunday, August 1, 2021",Active
Switch-286,GB0215480439,EX3300-48P,EX3300,Switches,HUMBER COLLEGE - TORONTO,H200,60466653,SV5-COR-EX3300-SITE,"Tuesday, August 2, 2016","Sunday, August 1, 2021",Active
Switch-287,GB0215520643,EX3300-48P,EX3300,Switches,HUMBER COLLEGE,H200,60466653,SV5-COR-EX3300-SITE,"Tuesday, August 2, 2016","Sunday, August 1, 2021",Active
Switch-288,GB0215520733,EX3300-48P,EX3300,Switches,HUMBER COLLEGE,H200,60466653,SV5-COR-EX3300-SITE,"Tuesday, August 2, 2016","Sunday, August 1, 2021",Active
Switch-289,GB0215520829,EX3300-48P,EX3300,Switches,HUMBER COLLEGE,H200,60466653,SV5-COR-EX3300-SITE,"Tuesday, August 2, 2016","Sunday, August 1, 2021",Active
Switch-290,GB0215520759,EX3300-48P,EX3300,Switches,HUMBER COLLEGE,H200,60466653,SV5-COR-EX3300-SITE,"Tuesday, August 2, 2016","Sunday, August 1, 2021",Active
Switch-291,GB0215520798,EX3300-48P,EX3300,Switches,HUMBER COLLEGE,H200,60466653,SV5-COR-EX3300-SITE,"Tuesday, August 2, 2016","Sunday, August 1, 2021",Active
Switch-292,GB0214500687,EX3300-48P,EX3300,Switches,HUMBER COLLEGE,H200,60473393,SV5-COR-EX3300-SITE,"Friday, August 19, 2016","Wednesday, August 18, 2021",Active
Switch-293,GB0216230222,EX3300-48P,EX3300,Switches,HUMBER COLLEGE,H200,60489844,SV5-COR-EX3300-SITE,"Wednesday, September 14, 2016","Tuesday, September 14, 2021",Active
